\section{Sailors}

\subsection{Schema}

Consider the following relational schema:


\begin{sqlSchema}{sea}

	SAILORS (|\key{sid}|, sname, rating, date_of_birth)

	BOATS (|\key{bid}|, bname, color)

	RESERVES (|\key{sid, bid, date, time\_slot}|)

\end{sqlSchema}

\subsection{Table Definitions}

\begin{enumerate}[label=\alph*)]
	\item Create the tables for the schema
	      \inputsql{sailors}

	      \begin{lstlisting}[style=output]
practicals=# \dt
      List of relations
Schema |   Name   | Type  |  Owner   
--------+----------+-------+----------
public | boats    | table | postgres
public | reserves | table | postgres
public | sailors  | table | postgres
(3 rows)
      \end{lstlisting}

	      \pagebreak

	\item Add Foreign Key constraints
	      \inputsql{sailors_fk}

	\item Insert the following tuples into the tables
	      \inputsql{sailors_data}

\end{enumerate}

\subsection{Queries}

\begin{enumerate}
	\item  Find sailors who've reserved at least one boat
	      \begin{enumerate}
		      \item Relational Algebra
		            \begin{equation*}
			            \pi_{sid, sname}(SAILORS \bowtie RESERVES))
		            \end{equation*}

		      \item  SQL \linebreak \inputsql{01}
	      \end{enumerate}

	      \pagebreak

	\item Output
	      \begin{lstlisting}[style=output]
practicals=# \i /home/sql/01.sql 
  sname  
---------
 John
 Rusty
 Horatio
 Zorba
(4 rows)
            \end{lstlisting}
	      \vspace{1cm}

	\item Find names of sailors who've reserved a red or a green boat in the month of March.
	      \begin{enumerate}
		      \item Relational Algebra
		            \begin{multline*}
			            \pi_{sname}(SAILORS \bowtie RESERVES \bowtie BOATS) \bowtie \\
			            \sigma_{\text{bname} = \text{red} \lor \text{bname} = \text{green}}(\sigma_{\text{date} = \text{March}}(BOATS \bowtie RESERVES))
		            \end{multline*}

		      \item  SQL

		            \begin{sqlQuery}{sea2}
                            SELECT sname
                            FROM SAILORS
                            WHERE sid IN
                                (SELECT sid
                                FROM RESERVES
                                WHERE bid IN
                                    (SELECT bid
                                    FROM BOATS
                                    WHERE bname = 'red' OR bname = 'green')
                                AND (SELECT extract(month FROM date) FROM RESERVES) = 3)
                    \end{sqlQuery}

		      \item Output
		            \begin{lstlisting}[style=output]
practicals=# \i /home/sql/sea2.sql
sname
-------
Rusty
Zorba
(2 rows)
                    \end{lstlisting}

	      \end{enumerate}

	\item  Find names of sailors who've reserved a red and a green boat

	      \begin{enumerate}
		      \item Relational Algebra
		            \begin{multline*}
			            \pi_{sname}(SAILORS \bowtie RESERVES \bowtie (\sigma_{\text{color} = red}(BOATS))) \; \cap  \\
			            \pi_{sname}(SAILORS \bowtie RESERVES \bowtie (\sigma_{\text{color} = green}(BOATS)))
		            \end{multline*}
		            \pagebreak

		      \item SQL

		            \begin{sqlQuery}{sea3}
                    SELECT DISTINCT S1.sname
                    FROM SAILORS S1, RESERVES R1, BOATS B1,
                    RESERVES R2, BOATS B2
                    WHERE S1.sid = R1.sid 
                        AND R1.bid = B1.bid
                        AND S1.sid = R2.sid 
                        AND R2.bid = B2.bid
                        AND B1.color = 'red' 
                        AND B2.color = 'green';
                \end{sqlQuery}

		      \item Output

		            \begin{lstlisting}[style=output]
sname 
-------
John
Rusty
(2 rows)
                  \end{lstlisting}
	      \end{enumerate}

	\item Find \textsc{sid} of sailors who have \underline{not} reserved a boat after Jan 2018.

	      \begin{enumerate}
		      \item Relational Algebra

		            \begin{equation*}
			            \pi_{\text{sid}} - \pi_{\text{sid}}(SAILORS \bowtie \sigma_{\text{date\_of\_birth}\; >\; \text{Jan 2018}}(RESERVES))
		            \end{equation*}

		      \item SQL
		            \begin{sqlQuery}{sea4}
                    SELECT sid FROM SAILORS 
                    WHERE sid NOT IN 
                        (SELECT sid FROM RESERVES 
                        WHERE date_of_birth > '2018-01-01')
                    \end{sqlQuery}

		      \item Output
		            \begin{lstlisting}[style=output]
practicals=# \i /home/sql/sea4.sql
sid
-----
3
4
5
(3 rows)
                        \end{lstlisting}

	      \end{enumerate}

	\item  Find sailors whose rating is greater than that of all the sailors named "John"
	      \begin{enumerate}
		      \item Relational Algebra

		            \begin{multline*}
			            \pi_{\text{sid}, \text{sname}}(SAILORS) \\
			            - \pi_{S_2.\text{sid},S_2.\text{sname}}(\sigma_{S_2.\text{rating} < S.\text{rating}}(\rho_{S_2}(SAILORS)\times \rho_S(SAILORS)))
		            \end{multline*}
		            \pagebreak

		      \item SQL

		            \begin{sqlQuery}{sea5}
                        SELECT sid, sname FROM SAILORS S1
                        WHERE S1.rating > ALL
                                (SELECT S2.rating FROM SAILORS S2
                                WHERE S2.sname = 'John')
                    \end{sqlQuery}

		      \item Output
		            \begin{lstlisting}[style=output]
practicals=# \i /home/sql/sea5.sql
sid |  sname  
-----+---------
   2 | Rusty
   3 | Horatio
   4 | Zorba
   5 | Julius
(4 rows)
                        \end{lstlisting}

	      \end{enumerate}

	\item Find sailors who've reserved all boats

	      \begin{enumerate}
		      \item Relational Algebra
		            \begin{equation*}
			            \pi_{\text{sid}, \text{sname}}
			            (\pi_{\text{sid}, \text{bid}}(RESERVES) \div \pi_{\text{bid}}(BOATS)) \\
			            \bowtie SAILORS
		            \end{equation*}

		      \item SQL

		            \begin{sqlQuery}{sea6}
                        SELECT S.sid, S.sname
                        FROM SAILORS S
                        WHERE NOT EXISTS
                              (SELECT B.bid
                              FROM BOATS B
                              WHERE NOT EXISTS
                                    (SELECT R.sid, R.bid
                                    FROM RESERVES R
                                    WHERE R.sid = S.sid
                                          AND R.bid = B.bid))
                  \end{sqlQuery}

		      \item Output
		            \begin{lstlisting}[style=output]
practicals=# \i /home/sql/sea6.sql
sid | sname 
-----+-------
   1 | John
(1 row)
                        \end{lstlisting}

	      \end{enumerate}

	\item Find name and age of the oldest sailor(s)

	      \begin{enumerate}
		      \item Relational Algebra
		            \begin{multline*}
			            \pi_{\text{sname}, \text{age}}(\pi_{sid}(SAILORS) - \\
			            \pi_{S_2.sid}(\sigma_{S_2.\text{age} < S.\text{age}}(\rho_{S_2}(SAILORS) \times \rho_{S}(SAILORS)))) \\
			            \bowtie SAILORS
		            \end{multline*}
		            \pagebreak

		      \item SQL

		            \begin{sqlQuery}{sea7}
                        SELECT sname FROM SAILORS S1
                        WHERE S1.date_of_birth > ALL
                                (SELECT S2.date_of_birth FROM SAILORS S2)
                        \end{sqlQuery}

	      \end{enumerate}

	\item  Find the age of the youngest sailor for each rating with at least 2 such sailors

	      \begin{enumerate}
		      \item Relational Algebra
		            \begin{multline*}
			            \pi_{\text{rating}, \text{minage}}(\sigma_{\text{no\_of\_sailors} > 1} \\
			            (\rho_{r (\text{rating}, \text{no\_of\_sailors}, \text{minage}) \; \mathcal{F} \; (\text{rating}, count(\text{sid}), min(\text{age}))} \\
			            (SAILORS)))
		            \end{multline*}
		      \item SQL

		            \begin{sqlQuery}{sea8}
                              SELECT rating, age FROM SAILORS S1
                              WHERE S1.date_of_birth > ALL AS minage
                                          (SELECT S2.date_of_birth FROM SAILORS S2
                                          WHERE S2.rating = S1.rating)
                              GROUP BY rating
                              HAVING COUNT(*) >= 2
                        \end{sqlQuery}
	      \end{enumerate}

\end{enumerate}


\pagebreak
